name;run_id;time_init;time_start;time_end;duration_ms;
"ImageDisparity";1;1718023840074;1718023840074;1718023840099;25;
"ImageDisparity";2;1718023840086;1718023840088;1718023840100;11;
"ImageDisparityDerivative";1;1718023840074;1718023840100;1718023840102;1;
"ImageDisparityDerivative";2;1718023840088;1718023840100;1718023840102;1;
"ImageDisparity";3;1718023840101;1718023840101;1718023840106;4;
"Depth";1;1718023840074;1718023840100;1718023840106;6;
"Depth";2;1718023840089;1718023840100;1718023840107;6;
"frame";1;1718023840074;1718023840074;1718023840107;33;
"system";1;1718023840061;1718023840061;1718023840107;45;
"frame";2;1718023840086;1718023840086;1718023840107;20;
"system";2;1718023840074;1718023840074;1718023840107;32;
"ImageDisparityDerivative";3;1718023840102;1718023840107;1718023840107;0;
"Depth";3;1718023840102;1718023840107;1718023840107;0;
"frame";3;1718023840101;1718023840101;1718023840108;6;
"system";3;1718023840089;1718023840089;1718023840108;18;
"ImageDisparity";4;1718023840114;1718023840114;1718023840116;2;
"ImageDisparityDerivative";4;1718023840114;1718023840117;1718023840117;0;
"Depth";4;1718023840114;1718023840117;1718023840117;0;
"frame";4;1718023840114;1718023840114;1718023840117;3;
"system";4;1718023840102;1718023840102;1718023840117;15;
"ImageDisparity";5;1718023840126;1718023840126;1718023840129;2;
"Depth";5;1718023840126;1718023840129;1718023840130;0;
"ImageDisparityDerivative";5;1718023840126;1718023840129;1718023840130;0;
"frame";5;1718023840126;1718023840126;1718023840130;4;
"system";5;1718023840114;1718023840114;1718023840130;15;
"ImageDisparity";6;1718023840138;1718023840138;1718023840141;2;
"Depth";6;1718023840138;1718023840141;1718023840141;0;
"ImageDisparityDerivative";6;1718023840138;1718023840141;1718023840142;0;
"frame";6;1718023840138;1718023840138;1718023840142;3;
"system";6;1718023840126;1718023840126;1718023840142;15;
"ImageDisparity";7;1718023840151;1718023840151;1718023840153;2;
"Depth";7;1718023840151;1718023840153;1718023840154;0;
"ImageDisparityDerivative";7;1718023840151;1718023840153;1718023840154;0;
"frame";7;1718023840151;1718023840151;1718023840154;3;
"system";7;1718023840139;1718023840139;1718023840154;15;
"ImageDisparity";8;1718023840163;1718023840163;1718023840166;2;
"ImageDisparityDerivative";8;1718023840163;1718023840166;1718023840167;0;
"Depth";8;1718023840163;1718023840166;1718023840167;0;
"frame";8;1718023840163;1718023840163;1718023840167;3;
"system";8;1718023840151;1718023840151;1718023840167;15;
"ImageDisparity";9;1718023840176;1718023840176;1718023840179;2;
"Depth";9;1718023840176;1718023840179;1718023840179;0;
"ImageDisparityDerivative";9;1718023840176;1718023840179;1718023840180;0;
"frame";9;1718023840176;1718023840176;1718023840180;4;
"system";9;1718023840164;1718023840164;1718023840180;16;
"ImageDisparity";10;1718023840189;1718023840189;1718023840192;2;
"Depth";10;1718023840189;1718023840192;1718023840193;0;
"ImageDisparityDerivative";10;1718023840189;1718023840192;1718023840193;0;
"frame";10;1718023840189;1718023840189;1718023840193;4;
"system";10;1718023840176;1718023840176;1718023840193;16;
"ImageDisparity";11;1718023840201;1718023840202;1718023840204;2;
"Depth";11;1718023840202;1718023840204;1718023840205;0;
"ImageDisparityDerivative";11;1718023840202;1718023840204;1718023840205;0;
"frame";11;1718023840201;1718023840201;1718023840205;3;
"system";11;1718023840189;1718023840189;1718023840205;15;
"ImageDisparity";12;1718023840214;1718023840214;1718023840216;2;
"ImageDisparityDerivative";12;1718023840214;1718023840217;1718023840217;0;
"Depth";12;1718023840214;1718023840217;1718023840218;0;
"frame";12;1718023840214;1718023840214;1718023840218;3;
"system";12;1718023840202;1718023840202;1718023840218;15;
"ImageDisparity";13;1718023840227;1718023840227;1718023840229;2;
"Depth";13;1718023840227;1718023840229;1718023840230;0;
"ImageDisparityDerivative";13;1718023840227;1718023840230;1718023840230;0;
"frame";13;1718023840227;1718023840227;1718023840230;3;
"system";13;1718023840214;1718023840214;1718023840230;15;
"ImageDisparity";14;1718023840239;1718023840239;1718023840242;2;
"ImageDisparityDerivative";14;1718023840239;1718023840243;1718023840243;0;
"Depth";14;1718023840239;1718023840243;1718023840243;0;
"frame";14;1718023840239;1718023840239;1718023840243;4;
"system";14;1718023840227;1718023840227;1718023840243;16;
"ImageDisparity";15;1718023840252;1718023840252;1718023840255;2;
"ImageDisparityDerivative";15;1718023840252;1718023840255;1718023840256;0;
"Depth";15;1718023840252;1718023840255;1718023840256;0;
"frame";15;1718023840252;1718023840252;1718023840256;4;
"system";15;1718023840240;1718023840240;1718023840256;16;
"ImageDisparity";16;1718023840264;1718023840264;1718023840267;2;
"ImageDisparityDerivative";16;1718023840264;1718023840267;1718023840267;0;
"Depth";16;1718023840264;1718023840267;1718023840268;0;
"frame";16;1718023840264;1718023840264;1718023840268;3;
"system";16;1718023840252;1718023840252;1718023840268;15;
"ImageDisparity";17;1718023840277;1718023840277;1718023840279;2;
"ImageDisparityDerivative";17;1718023840277;1718023840279;1718023840280;0;
"Depth";17;1718023840277;1718023840280;1718023840280;0;
"frame";17;1718023840277;1718023840277;1718023840281;3;
"system";17;1718023840265;1718023840265;1718023840281;15;
"ImageDisparity";18;1718023840289;1718023840289;1718023840292;2;
"Depth";18;1718023840290;1718023840292;1718023840293;0;
"ImageDisparityDerivative";18;1718023840289;1718023840292;1718023840293;0;
"frame";18;1718023840289;1718023840289;1718023840293;3;
"system";18;1718023840277;1718023840277;1718023840293;15;
"ImageDisparity";19;1718023840302;1718023840302;1718023840305;2;
"ImageDisparityDerivative";19;1718023840302;1718023840305;1718023840306;0;
"Depth";19;1718023840302;1718023840305;1718023840306;0;
"frame";19;1718023840302;1718023840302;1718023840306;4;
"system";19;1718023840290;1718023840290;1718023840306;16;
"ImageDisparity";20;1718023840314;1718023840314;1718023840317;2;
"ImageDisparityDerivative";20;1718023840315;1718023840318;1718023840318;0;
"Depth";20;1718023840315;1718023840318;1718023840318;0;
"frame";20;1718023840314;1718023840314;1718023840319;4;
"system";20;1718023840302;1718023840302;1718023840319;16;
"ImageDisparity";21;1718023840327;1718023840327;1718023840330;2;
"Depth";21;1718023840327;1718023840330;1718023840331;0;
"ImageDisparityDerivative";21;1718023840327;1718023840330;1718023840331;0;
"frame";21;1718023840327;1718023840327;1718023840331;4;
"system";21;1718023840315;1718023840315;1718023840331;16;
"ImageDisparity";22;1718023840340;1718023840340;1718023840342;2;
"Depth";22;1718023840340;1718023840343;1718023840343;0;
"ImageDisparityDerivative";22;1718023840340;1718023840343;1718023840343;0;
"frame";22;1718023840340;1718023840340;1718023840344;3;
"system";22;1718023840328;1718023840328;1718023840344;16;
"ImageDisparity";23;1718023840352;1718023840352;1718023840355;2;
"Depth";23;1718023840352;1718023840355;1718023840356;0;
"ImageDisparityDerivative";23;1718023840352;1718023840355;1718023840356;0;
"frame";23;1718023840352;1718023840352;1718023840356;3;
"system";23;1718023840340;1718023840340;1718023840356;15;
"ImageDisparity";24;1718023840365;1718023840365;1718023840367;2;
"ImageDisparityDerivative";24;1718023840365;1718023840368;1718023840368;0;
"Depth";24;1718023840365;1718023840368;1718023840368;0;
"frame";24;1718023840365;1718023840365;1718023840368;3;
"system";24;1718023840353;1718023840353;1718023840368;15;
"ImageDisparity";25;1718023840377;1718023840377;1718023840380;2;
"ImageDisparityDerivative";25;1718023840377;1718023840381;1718023840381;0;
"Depth";25;1718023840377;1718023840381;1718023840381;0;
"frame";25;1718023840377;1718023840377;1718023840382;4;
"system";25;1718023840365;1718023840365;1718023840382;16;
"ImageDisparity";26;1718023840390;1718023840390;1718023840392;2;
"ImageDisparityDerivative";26;1718023840390;1718023840393;1718023840393;0;
"Depth";26;1718023840390;1718023840393;1718023840394;0;
"frame";26;1718023840390;1718023840390;1718023840394;4;
"system";26;1718023840378;1718023840378;1718023840394;16;
"ImageDisparity";27;1718023840402;1718023840402;1718023840405;2;
"ImageDisparityDerivative";27;1718023840402;1718023840405;1718023840406;0;
"Depth";27;1718023840403;1718023840405;1718023840406;0;
"frame";27;1718023840402;1718023840402;1718023840406;3;
"system";27;1718023840390;1718023840390;1718023840406;15;
"ImageDisparity";28;1718023840415;1718023840415;1718023840417;2;
"Depth";28;1718023840415;1718023840418;1718023840418;0;
"ImageDisparityDerivative";28;1718023840415;1718023840418;1718023840418;0;
"frame";28;1718023840415;1718023840415;1718023840418;3;
"system";28;1718023840403;1718023840403;1718023840419;15;
"ImageDisparity";29;1718023840427;1718023840427;1718023840430;2;
"ImageDisparityDerivative";29;1718023840427;1718023840430;1718023840431;0;
"Depth";29;1718023840428;1718023840430;1718023840431;0;
"frame";29;1718023840427;1718023840427;1718023840431;3;
"system";29;1718023840415;1718023840415;1718023840431;15;
"ImageDisparity";30;1718023840440;1718023840440;1718023840443;2;
"ImageDisparityDerivative";30;1718023840440;1718023840443;1718023840444;0;
"Depth";30;1718023840440;1718023840443;1718023840444;0;
"frame";30;1718023840440;1718023840440;1718023840444;4;
"system";30;1718023840428;1718023840428;1718023840444;16;
"ImageDisparity";31;1718023840452;1718023840452;1718023840455;2;
"ImageDisparityDerivative";31;1718023840453;1718023840456;1718023840456;0;
"Depth";31;1718023840453;1718023840456;1718023840456;0;
"frame";31;1718023840452;1718023840452;1718023840457;4;
"system";31;1718023840440;1718023840440;1718023840457;16;
"ImageDisparity";32;1718023840465;1718023840465;1718023840467;2;
"ImageDisparityDerivative";32;1718023840465;1718023840468;1718023840469;0;
"Depth";32;1718023840465;1718023840468;1718023840469;0;
"frame";32;1718023840465;1718023840465;1718023840469;3;
"system";32;1718023840453;1718023840453;1718023840469;15;
"ImageDisparity";33;1718023840478;1718023840478;1718023840480;2;
"Depth";33;1718023840478;1718023840481;1718023840481;0;
"ImageDisparityDerivative";33;1718023840478;1718023840481;1718023840481;0;
"frame";33;1718023840478;1718023840478;1718023840481;3;
"system";33;1718023840465;1718023840465;1718023840481;15;
"ImageDisparity";34;1718023840491;1718023840491;1718023840493;2;
"ImageDisparityDerivative";34;1718023840491;1718023840494;1718023840494;0;
"Depth";34;1718023840491;1718023840494;1718023840494;0;
"frame";34;1718023840491;1718023840491;1718023840494;3;
"system";34;1718023840478;1718023840478;1718023840494;16;
"ImageDisparity";35;1718023840504;1718023840504;1718023840506;2;
"Depth";35;1718023840504;1718023840507;1718023840507;0;
"ImageDisparityDerivative";35;1718023840504;1718023840507;1718023840507;0;
"frame";35;1718023840504;1718023840504;1718023840508;3;
"system";35;1718023840491;1718023840491;1718023840508;16;
"ImageDisparity";36;1718023840517;1718023840517;1718023840519;2;
"Depth";36;1718023840517;1718023840520;1718023840520;0;
"ImageDisparityDerivative";36;1718023840517;1718023840520;1718023840520;0;
"frame";36;1718023840517;1718023840517;1718023840521;3;
"system";36;1718023840504;1718023840504;1718023840521;16;
"ImageDisparity";37;1718023840530;1718023840530;1718023840532;2;
"ImageDisparityDerivative";37;1718023840530;1718023840533;1718023840533;0;
"Depth";37;1718023840530;1718023840533;1718023840533;0;
"frame";37;1718023840530;1718023840530;1718023840534;3;
"system";37;1718023840517;1718023840517;1718023840534;16;
"ImageDisparity";38;1718023840543;1718023840543;1718023840546;2;
"ImageDisparityDerivative";38;1718023840543;1718023840546;1718023840547;0;
"Depth";38;1718023840543;1718023840546;1718023840547;0;
"frame";38;1718023840543;1718023840543;1718023840547;4;
"system";38;1718023840530;1718023840530;1718023840547;16;
"ImageDisparity";39;1718023840556;1718023840556;1718023840559;2;
"ImageDisparityDerivative";39;1718023840556;1718023840559;1718023840560;0;
"Depth";39;1718023840556;1718023840559;1718023840560;0;
"frame";39;1718023840556;1718023840556;1718023840560;3;
"system";39;1718023840543;1718023840543;1718023840560;16;
"ImageDisparity";40;1718023840569;1718023840569;1718023840572;2;
"ImageDisparityDerivative";40;1718023840569;1718023840572;1718023840573;0;
"Depth";40;1718023840569;1718023840572;1718023840573;0;
"frame";40;1718023840569;1718023840569;1718023840573;3;
"system";40;1718023840557;1718023840557;1718023840573;16;
"ImageDisparity";41;1718023840582;1718023840582;1718023840585;2;
"ImageDisparityDerivative";41;1718023840582;1718023840585;1718023840586;1;
"Depth";41;1718023840582;1718023840585;1718023840586;1;
"frame";41;1718023840582;1718023840582;1718023840586;4;
"system";41;1718023840570;1718023840570;1718023840586;16;
"ImageDisparity";42;1718023840595;1718023840595;1718023840598;2;
"Depth";42;1718023840595;1718023840598;1718023840599;0;
"ImageDisparityDerivative";42;1718023840595;1718023840598;1718023840599;0;
"frame";42;1718023840595;1718023840595;1718023840599;3;
"system";42;1718023840583;1718023840583;1718023840599;16;
"ImageDisparity";43;1718023840608;1718023840608;1718023840611;2;
"Depth";43;1718023840609;1718023840611;1718023840612;0;
"ImageDisparityDerivative";43;1718023840609;1718023840611;1718023840612;0;
"frame";43;1718023840608;1718023840608;1718023840612;3;
"system";43;1718023840596;1718023840596;1718023840612;16;
"ImageDisparity";44;1718023840622;1718023840622;1718023840624;2;
"Depth";44;1718023840622;1718023840625;1718023840625;0;
"ImageDisparityDerivative";44;1718023840622;1718023840625;1718023840625;0;
"frame";44;1718023840622;1718023840622;1718023840626;3;
"system";44;1718023840609;1718023840609;1718023840626;16;
"ImageDisparity";45;1718023840635;1718023840635;1718023840637;2;
"ImageDisparityDerivative";45;1718023840635;1718023840638;1718023840638;0;
"Depth";45;1718023840635;1718023840638;1718023840638;0;
"frame";45;1718023840635;1718023840635;1718023840638;3;
"system";45;1718023840622;1718023840622;1718023840638;16;
"ImageDisparity";46;1718023840648;1718023840648;1718023840650;2;
"Depth";46;1718023840648;1718023840651;1718023840652;0;
"ImageDisparityDerivative";46;1718023840648;1718023840651;1718023840652;0;
"frame";46;1718023840648;1718023840648;1718023840652;4;
"system";46;1718023840635;1718023840635;1718023840652;16;
"ImageDisparity";47;1718023840661;1718023840661;1718023840664;2;
"Depth";47;1718023840661;1718023840664;1718023840665;0;
"ImageDisparityDerivative";47;1718023840661;1718023840664;1718023840665;0;
"frame";47;1718023840661;1718023840661;1718023840665;4;
"system";47;1718023840648;1718023840648;1718023840665;16;
"ImageDisparity";48;1718023840674;1718023840674;1718023840676;2;
"Depth";48;1718023840674;1718023840677;1718023840678;0;
"ImageDisparityDerivative";48;1718023840674;1718023840677;1718023840678;0;
"frame";48;1718023840674;1718023840674;1718023840678;4;
"system";48;1718023840661;1718023840661;1718023840678;16;
"ImageDisparity";49;1718023840687;1718023840687;1718023840689;2;
"Depth";49;1718023840687;1718023840690;1718023840690;0;
"ImageDisparityDerivative";49;1718023840687;1718023840690;1718023840691;0;
"frame";49;1718023840687;1718023840687;1718023840691;3;
"system";49;1718023840674;1718023840674;1718023840691;16;
"ImageDisparity";50;1718023840700;1718023840700;1718023840702;2;
"ImageDisparityDerivative";50;1718023840700;1718023840703;1718023840703;0;
"Depth";50;1718023840700;1718023840703;1718023840703;0;
"frame";50;1718023840700;1718023840700;1718023840704;3;
"system";50;1718023840687;1718023840687;1718023840704;16;
"ImageDisparity";51;1718023840713;1718023840713;1718023840715;2;
"Depth";51;1718023840713;1718023840716;1718023840716;0;
"ImageDisparityDerivative";51;1718023840713;1718023840716;1718023840716;0;
"frame";51;1718023840713;1718023840713;1718023840717;3;
"system";51;1718023840700;1718023840700;1718023840717;16;
"ImageDisparity";52;1718023840726;1718023840726;1718023840728;2;
"ImageDisparityDerivative";52;1718023840726;1718023840729;1718023840729;0;
"Depth";52;1718023840726;1718023840729;1718023840729;0;
"frame";52;1718023840726;1718023840726;1718023840729;3;
"system";52;1718023840713;1718023840713;1718023840729;16;
"ImageDisparity";53;1718023840739;1718023840739;1718023840741;2;
"Depth";53;1718023840739;1718023840742;1718023840742;0;
"ImageDisparityDerivative";53;1718023840739;1718023840742;1718023840743;0;
"frame";53;1718023840739;1718023840739;1718023840743;3;
"system";53;1718023840726;1718023840726;1718023840743;16;
"ImageDisparity";54;1718023840752;1718023840752;1718023840755;2;
"Depth";54;1718023840752;1718023840755;1718023840756;0;
"ImageDisparityDerivative";54;1718023840752;1718023840755;1718023840756;0;
"frame";54;1718023840752;1718023840752;1718023840756;3;
"system";54;1718023840739;1718023840739;1718023840756;16;
"ImageDisparity";55;1718023840765;1718023840765;1718023840768;2;
"ImageDisparityDerivative";55;1718023840765;1718023840769;1718023840769;0;
"Depth";55;1718023840766;1718023840769;1718023840769;0;
"frame";55;1718023840765;1718023840765;1718023840770;4;
"system";55;1718023840752;1718023840752;1718023840770;17;
"ImageDisparity";56;1718023840779;1718023840779;1718023840782;2;
"ImageDisparityDerivative";56;1718023840779;1718023840782;1718023840783;0;
"Depth";56;1718023840779;1718023840782;1718023840783;0;
"frame";56;1718023840779;1718023840779;1718023840783;4;
"system";56;1718023840766;1718023840766;1718023840783;17;
"ImageDisparity";57;1718023840792;1718023840792;1718023840794;2;
"ImageDisparityDerivative";57;1718023840792;1718023840795;1718023840795;0;
"Depth";57;1718023840792;1718023840795;1718023840795;0;
"frame";57;1718023840792;1718023840792;1718023840796;3;
"system";57;1718023840779;1718023840779;1718023840796;16;
"ImageDisparity";58;1718023840805;1718023840805;1718023840807;2;
"ImageDisparityDerivative";58;1718023840805;1718023840808;1718023840809;0;
"Depth";58;1718023840805;1718023840808;1718023840809;0;
"frame";58;1718023840805;1718023840805;1718023840809;3;
"system";58;1718023840792;1718023840792;1718023840809;16;
"ImageDisparity";59;1718023840818;1718023840818;1718023840821;2;
"ImageDisparityDerivative";59;1718023840818;1718023840821;1718023840822;0;
"Depth";59;1718023840818;1718023840821;1718023840822;0;
"frame";59;1718023840818;1718023840818;1718023840822;4;
"system";59;1718023840805;1718023840805;1718023840822;16;
"ImageDisparity";60;1718023840831;1718023840831;1718023840834;2;
"Depth";60;1718023840832;1718023840834;1718023840835;0;
"ImageDisparityDerivative";60;1718023840831;1718023840835;1718023840835;0;
"frame";60;1718023840831;1718023840831;1718023840835;4;
"system";60;1718023840819;1718023840819;1718023840835;16;
"ImageDisparity";61;1718023840845;1718023840845;1718023840847;2;
"Depth";61;1718023840845;1718023840848;1718023840848;0;
"ImageDisparityDerivative";61;1718023840845;1718023840848;1718023840848;0;
"frame";61;1718023840845;1718023840845;1718023840848;3;
"system";61;1718023840832;1718023840832;1718023840848;16;
"ImageDisparity";62;1718023840858;1718023840858;1718023840861;2;
"ImageDisparityDerivative";62;1718023840858;1718023840861;1718023840862;0;
"Depth";62;1718023840858;1718023840861;1718023840862;0;
"frame";62;1718023840858;1718023840858;1718023840862;4;
"system";62;1718023840845;1718023840845;1718023840862;16;
"ImageDisparity";63;1718023840871;1718023840871;1718023840874;2;
"ImageDisparityDerivative";63;1718023840871;1718023840874;1718023840875;0;
"Depth";63;1718023840872;1718023840874;1718023840875;0;
"frame";63;1718023840871;1718023840871;1718023840875;3;
"system";63;1718023840858;1718023840858;1718023840875;16;
"ImageDisparity";64;1718023840885;1718023840885;1718023840888;2;
"ImageDisparityDerivative";64;1718023840885;1718023840888;1718023840889;0;
"Depth";64;1718023840885;1718023840888;1718023840889;0;
"frame";64;1718023840885;1718023840885;1718023840889;4;
"system";64;1718023840872;1718023840872;1718023840889;17;
"ImageDisparity";65;1718023840898;1718023840898;1718023840900;2;
"ImageDisparityDerivative";65;1718023840898;1718023840901;1718023840901;0;
"Depth";65;1718023840898;1718023840901;1718023840901;0;
"frame";65;1718023840898;1718023840898;1718023840902;3;
"system";65;1718023840885;1718023840885;1718023840902;16;
"ImageDisparity";66;1718023840911;1718023840911;1718023840914;2;
"Depth";66;1718023840911;1718023840914;1718023840914;0;
"ImageDisparityDerivative";66;1718023840911;1718023840914;1718023840915;0;
"frame";66;1718023840911;1718023840911;1718023840915;4;
"system";66;1718023840898;1718023840898;1718023840915;16;
"ImageDisparity";67;1718023840924;1718023840924;1718023840926;2;
"ImageDisparityDerivative";67;1718023840924;1718023840927;1718023840927;0;
"Depth";67;1718023840924;1718023840927;1718023840927;0;
"frame";67;1718023840924;1718023840924;1718023840927;3;
"system";67;1718023840911;1718023840911;1718023840927;16;
"ImageDisparity";68;1718023840937;1718023840937;1718023840939;2;
"ImageDisparityDerivative";68;1718023840937;1718023840940;1718023840940;0;
"Depth";68;1718023840937;1718023840940;1718023840940;0;
"frame";68;1718023840937;1718023840937;1718023840940;3;
"system";68;1718023840924;1718023840924;1718023840940;16;
"ImageDisparity";69;1718023840950;1718023840950;1718023840952;2;
"Depth";69;1718023840950;1718023840953;1718023840953;0;
"ImageDisparityDerivative";69;1718023840950;1718023840953;1718023840953;0;
"frame";69;1718023840950;1718023840950;1718023840953;3;
"system";69;1718023840937;1718023840937;1718023840953;16;
"ImageDisparity";70;1718023840963;1718023840963;1718023840965;2;
"ImageDisparityDerivative";70;1718023840963;1718023840966;1718023840967;0;
"Depth";70;1718023840963;1718023840966;1718023840967;0;
"frame";70;1718023840963;1718023840963;1718023840967;3;
"system";70;1718023840950;1718023840950;1718023840967;16;
"ImageDisparity";71;1718023840976;1718023840976;1718023840979;2;
"Depth";71;1718023840976;1718023840979;1718023840980;0;
"ImageDisparityDerivative";71;1718023840976;1718023840979;1718023840980;0;
"frame";71;1718023840976;1718023840976;1718023840980;3;
"system";71;1718023840963;1718023840963;1718023840980;16;
"ImageDisparity";72;1718023840989;1718023840989;1718023840992;2;
"ImageDisparityDerivative";72;1718023840989;1718023840992;1718023840993;0;
"Depth";72;1718023840990;1718023840992;1718023840993;0;
"frame";72;1718023840989;1718023840989;1718023840993;3;
"system";72;1718023840977;1718023840977;1718023840993;16;
"ImageDisparity";73;1718023841003;1718023841003;1718023841005;2;
"Depth";73;1718023841003;1718023841006;1718023841006;0;
"ImageDisparityDerivative";73;1718023841003;1718023841006;1718023841006;0;
"frame";73;1718023841003;1718023841003;1718023841007;3;
"system";73;1718023840990;1718023840990;1718023841007;16;
"ImageDisparity";74;1718023841016;1718023841016;1718023841019;2;
"Depth";74;1718023841016;1718023841019;1718023841019;0;
"ImageDisparityDerivative";74;1718023841016;1718023841019;1718023841020;0;
"frame";74;1718023841016;1718023841016;1718023841020;3;
"system";74;1718023841003;1718023841003;1718023841020;16;
"ImageDisparity";75;1718023841029;1718023841029;1718023841032;2;
"ImageDisparityDerivative";75;1718023841029;1718023841032;1718023841033;0;
"Depth";75;1718023841029;1718023841032;1718023841033;0;
"frame";75;1718023841029;1718023841029;1718023841033;3;
"system";75;1718023841016;1718023841016;1718023841033;16;
"ImageDisparity";76;1718023841042;1718023841042;1718023841045;2;
"ImageDisparityDerivative";76;1718023841042;1718023841045;1718023841046;0;
"Depth";76;1718023841042;1718023841045;1718023841046;0;
"frame";76;1718023841042;1718023841042;1718023841046;3;
"system";76;1718023841029;1718023841029;1718023841046;16;
"ImageDisparity";77;1718023841055;1718023841055;1718023841058;2;
"ImageDisparityDerivative";77;1718023841055;1718023841058;1718023841059;0;
"Depth";77;1718023841056;1718023841058;1718023841059;0;
"frame";77;1718023841055;1718023841055;1718023841059;3;
"system";77;1718023841043;1718023841043;1718023841059;16;
"ImageDisparity";78;1718023841069;1718023841069;1718023841071;2;
"ImageDisparityDerivative";78;1718023841069;1718023841072;1718023841072;0;
"Depth";78;1718023841069;1718023841072;1718023841072;0;
"frame";78;1718023841069;1718023841069;1718023841073;4;
"system";78;1718023841056;1718023841056;1718023841073;16;
"ImageDisparity";79;1718023841082;1718023841082;1718023841084;2;
"Depth";79;1718023841082;1718023841085;1718023841085;0;
"ImageDisparityDerivative";79;1718023841082;1718023841085;1718023841085;0;
"frame";79;1718023841082;1718023841082;1718023841086;3;
"system";79;1718023841069;1718023841069;1718023841086;16;
"ImageDisparity";80;1718023841095;1718023841095;1718023841097;2;
"ImageDisparityDerivative";80;1718023841095;1718023841098;1718023841099;0;
"Depth";80;1718023841095;1718023841098;1718023841099;0;
"frame";80;1718023841095;1718023841095;1718023841099;3;
"system";80;1718023841082;1718023841082;1718023841099;16;
"ImageDisparity";81;1718023841108;1718023841108;1718023841111;2;
"ImageDisparityDerivative";81;1718023841108;1718023841111;1718023841112;0;
"Depth";81;1718023841108;1718023841111;1718023841112;0;
"frame";81;1718023841108;1718023841108;1718023841112;3;
"system";81;1718023841095;1718023841095;1718023841112;16;
"ImageDisparity";82;1718023841122;1718023841122;1718023841125;2;
"ImageDisparityDerivative";82;1718023841122;1718023841125;1718023841126;0;
"Depth";82;1718023841122;1718023841125;1718023841126;0;
"frame";82;1718023841122;1718023841122;1718023841126;4;
"system";82;1718023841109;1718023841109;1718023841126;17;
"ImageDisparity";83;1718023841136;1718023841136;1718023841138;2;
"Depth";83;1718023841136;1718023841139;1718023841140;0;
"ImageDisparityDerivative";83;1718023841136;1718023841139;1718023841140;0;
"frame";83;1718023841136;1718023841136;1718023841140;4;
"system";83;1718023841122;1718023841122;1718023841140;17;
"ImageDisparity";84;1718023841150;1718023841150;1718023841152;2;
"ImageDisparityDerivative";84;1718023841150;1718023841153;1718023841154;0;
"Depth";84;1718023841150;1718023841153;1718023841154;1;
"frame";84;1718023841150;1718023841150;1718023841154;4;
"system";84;1718023841136;1718023841136;1718023841154;17;
"ImageDisparity";85;1718023841164;1718023841164;1718023841166;2;
"Depth";85;1718023841164;1718023841167;1718023841167;0;
"ImageDisparityDerivative";85;1718023841164;1718023841167;1718023841168;0;
"frame";85;1718023841164;1718023841164;1718023841168;4;
"system";85;1718023841150;1718023841150;1718023841168;17;
"ImageDisparity";86;1718023841177;1718023841177;1718023841180;3;
"ImageDisparityDerivative";86;1718023841177;1718023841181;1718023841182;0;
"Depth";86;1718023841177;1718023841181;1718023841182;0;
"frame";86;1718023841177;1718023841177;1718023841182;4;
"system";86;1718023841164;1718023841164;1718023841182;17;
"ImageDisparity";87;1718023841191;1718023841191;1718023841193;2;
"Depth";87;1718023841191;1718023841194;1718023841194;0;
"ImageDisparityDerivative";87;1718023841191;1718023841194;1718023841194;0;
"frame";87;1718023841191;1718023841191;1718023841194;3;
"system";87;1718023841178;1718023841178;1718023841194;16;
"ImageDisparity";88;1718023841204;1718023841205;1718023841207;2;
"ImageDisparityDerivative";88;1718023841205;1718023841207;1718023841208;0;
"Depth";88;1718023841205;1718023841208;1718023841208;0;
"frame";88;1718023841204;1718023841204;1718023841209;4;
"system";88;1718023841191;1718023841191;1718023841209;17;
"ImageDisparity";89;1718023841218;1718023841218;1718023841221;2;
"Depth";89;1718023841218;1718023841221;1718023841222;0;
"ImageDisparityDerivative";89;1718023841218;1718023841221;1718023841222;0;
"frame";89;1718023841218;1718023841218;1718023841222;4;
"system";89;1718023841205;1718023841205;1718023841222;17;
"ImageDisparity";90;1718023841231;1718023841232;1718023841235;3;
"ImageDisparityDerivative";90;1718023841232;1718023841235;1718023841236;0;
"Depth";90;1718023841232;1718023841235;1718023841236;0;
"frame";90;1718023841231;1718023841231;1718023841236;4;
"system";90;1718023841218;1718023841218;1718023841236;17;
"ImageDisparity";91;1718023841245;1718023841245;1718023841248;2;
"Depth";91;1718023841245;1718023841249;1718023841249;0;
"ImageDisparityDerivative";91;1718023841245;1718023841249;1718023841249;0;
"frame";91;1718023841245;1718023841245;1718023841249;4;
"system";91;1718023841232;1718023841232;1718023841249;17;
"ImageDisparity";92;1718023841259;1718023841259;1718023841262;2;
"Depth";92;1718023841259;1718023841262;1718023841263;1;
"ImageDisparityDerivative";92;1718023841259;1718023841262;1718023841263;0;
"frame";92;1718023841259;1718023841259;1718023841263;4;
"system";92;1718023841246;1718023841246;1718023841263;17;
"ImageDisparity";93;1718023841273;1718023841273;1718023841276;2;
"ImageDisparityDerivative";93;1718023841273;1718023841277;1718023841277;0;
"Depth";93;1718023841273;1718023841276;1718023841277;0;
"frame";93;1718023841273;1718023841273;1718023841277;4;
"system";93;1718023841260;1718023841260;1718023841277;17;
"ImageDisparity";94;1718023841287;1718023841287;1718023841290;2;
"ImageDisparityDerivative";94;1718023841287;1718023841290;1718023841290;0;
"Depth";94;1718023841287;1718023841290;1718023841291;0;
"frame";94;1718023841287;1718023841287;1718023841291;3;
"system";94;1718023841274;1718023841274;1718023841291;17;
"ImageDisparity";95;1718023841301;1718023841301;1718023841304;2;
"ImageDisparityDerivative";95;1718023841301;1718023841304;1718023841305;0;
"Depth";95;1718023841301;1718023841304;1718023841305;0;
"frame";95;1718023841301;1718023841301;1718023841305;4;
"system";95;1718023841287;1718023841287;1718023841305;17;
"ImageDisparity";96;1718023841315;1718023841315;1718023841317;2;
"ImageDisparityDerivative";96;1718023841315;1718023841318;1718023841319;0;
"Depth";96;1718023841315;1718023841318;1718023841319;0;
"frame";96;1718023841315;1718023841315;1718023841319;4;
"system";96;1718023841301;1718023841301;1718023841319;17;
"ImageDisparity";97;1718023841329;1718023841329;1718023841331;2;
"Depth";97;1718023841329;1718023841332;1718023841332;0;
"ImageDisparityDerivative";97;1718023841329;1718023841332;1718023841332;0;
"frame";97;1718023841329;1718023841329;1718023841333;3;
"system";97;1718023841315;1718023841315;1718023841333;17;
"ImageDisparity";98;1718023841342;1718023841342;1718023841345;2;
"ImageDisparityDerivative";98;1718023841343;1718023841345;1718023841346;0;
"Depth";98;1718023841343;1718023841345;1718023841346;0;
"frame";98;1718023841342;1718023841342;1718023841346;3;
"system";98;1718023841329;1718023841329;1718023841346;17;
"ImageDisparity";99;1718023841356;1718023841356;1718023841359;2;
"ImageDisparityDerivative";99;1718023841356;1718023841359;1718023841360;0;
"Depth";99;1718023841356;1718023841359;1718023841360;0;
"frame";99;1718023841356;1718023841356;1718023841360;4;
"system";99;1718023841343;1718023841343;1718023841360;17;
"ImageDisparity";100;1718023841370;1718023841370;1718023841373;2;
"ImageDisparityDerivative";100;1718023841370;1718023841373;1718023841374;0;
"Depth";100;1718023841370;1718023841373;1718023841374;0;
"frame";100;1718023841370;1718023841370;1718023841374;4;
"system";100;1718023841357;1718023841357;1718023841374;17;
"ImageDisparity";101;1718023841383;1718023841383;1718023841386;2;
"ImageDisparityDerivative";101;1718023841383;1718023841387;1718023841387;0;
"Depth";101;1718023841384;1718023841387;1718023841387;0;
"frame";101;1718023841383;1718023841383;1718023841387;4;
"system";101;1718023841370;1718023841370;1718023841387;17;
"ImageDisparity";102;1718023841397;1718023841397;1718023841400;2;
"ImageDisparityDerivative";102;1718023841397;1718023841400;1718023841401;0;
"Depth";102;1718023841397;1718023841400;1718023841401;0;
"frame";102;1718023841397;1718023841397;1718023841401;4;
"system";102;1718023841384;1718023841384;1718023841401;17;
"ImageDisparity";103;1718023841411;1718023841411;1718023841414;2;
"ImageDisparityDerivative";103;1718023841411;1718023841414;1718023841415;1;
"Depth";103;1718023841411;1718023841414;1718023841415;0;
"frame";103;1718023841411;1718023841411;1718023841415;4;
"system";103;1718023841398;1718023841398;1718023841415;17;
"ImageDisparity";104;1718023841425;1718023841425;1718023841427;2;
"ImageDisparityDerivative";104;1718023841425;1718023841428;1718023841428;0;
"Depth";104;1718023841425;1718023841428;1718023841428;0;
"frame";104;1718023841425;1718023841425;1718023841428;3;
"system";104;1718023841411;1718023841411;1718023841428;17;
"ImageDisparity";105;1718023841438;1718023841438;1718023841441;2;
"ImageDisparityDerivative";105;1718023841438;1718023841441;1718023841442;0;
"Depth";105;1718023841438;1718023841441;1718023841442;0;
"frame";105;1718023841438;1718023841438;1718023841442;3;
"system";105;1718023841425;1718023841425;1718023841442;17;
"ImageDisparity";106;1718023841452;1718023841452;1718023841455;2;
"Depth";106;1718023841452;1718023841455;1718023841456;0;
"ImageDisparityDerivative";106;1718023841452;1718023841455;1718023841456;0;
"frame";106;1718023841452;1718023841452;1718023841456;3;
"system";106;1718023841439;1718023841439;1718023841456;17;
"ImageDisparity";107;1718023841466;1718023841466;1718023841469;2;
"Depth";107;1718023841466;1718023841469;1718023841470;0;
"ImageDisparityDerivative";107;1718023841466;1718023841469;1718023841470;0;
"frame";107;1718023841466;1718023841466;1718023841470;3;
"system";107;1718023841453;1718023841453;1718023841470;17;
"ImageDisparity";108;1718023841480;1718023841480;1718023841483;2;
"Depth";108;1718023841480;1718023841483;1718023841484;0;
"ImageDisparityDerivative";108;1718023841480;1718023841483;1718023841484;0;
"frame";108;1718023841480;1718023841480;1718023841484;4;
"system";108;1718023841467;1718023841467;1718023841484;17;
"ImageDisparity";109;1718023841494;1718023841494;1718023841496;2;
"Depth";109;1718023841494;1718023841497;1718023841497;0;
"ImageDisparityDerivative";109;1718023841494;1718023841497;1718023841497;0;
"frame";109;1718023841494;1718023841494;1718023841498;3;
"system";109;1718023841481;1718023841481;1718023841498;17;
"ImageDisparity";110;1718023841508;1718023841508;1718023841511;2;
"ImageDisparityDerivative";110;1718023841508;1718023841511;1718023841512;0;
"Depth";110;1718023841508;1718023841511;1718023841512;0;
"frame";110;1718023841508;1718023841508;1718023841512;4;
"system";110;1718023841494;1718023841494;1718023841512;17;
"ImageDisparity";111;1718023841522;1718023841522;1718023841524;2;
"ImageDisparityDerivative";111;1718023841522;1718023841525;1718023841525;0;
"Depth";111;1718023841522;1718023841525;1718023841525;0;
"frame";111;1718023841522;1718023841522;1718023841525;3;
"system";111;1718023841508;1718023841508;1718023841525;17;
"ImageDisparity";112;1718023841535;1718023841535;1718023841538;2;
"Depth";112;1718023841536;1718023841538;1718023841539;0;
"ImageDisparityDerivative";112;1718023841536;1718023841538;1718023841539;0;
"frame";112;1718023841535;1718023841535;1718023841539;3;
"system";112;1718023841522;1718023841522;1718023841539;17;
"ImageDisparity";113;1718023841549;1718023841549;1718023841552;2;
"Depth";113;1718023841549;1718023841552;1718023841553;0;
"ImageDisparityDerivative";113;1718023841549;1718023841552;1718023841553;0;
"frame";113;1718023841549;1718023841549;1718023841553;4;
"system";113;1718023841536;1718023841536;1718023841553;17;
"ImageDisparity";114;1718023841563;1718023841563;1718023841565;2;
"ImageDisparityDerivative";114;1718023841563;1718023841566;1718023841566;0;
"Depth";114;1718023841563;1718023841566;1718023841566;0;
"frame";114;1718023841563;1718023841563;1718023841567;3;
"system";114;1718023841550;1718023841550;1718023841567;16;
"ImageDisparity";115;1718023841576;1718023841576;1718023841579;2;
"ImageDisparityDerivative";115;1718023841576;1718023841579;1718023841580;0;
"Depth";115;1718023841576;1718023841579;1718023841580;0;
"frame";115;1718023841576;1718023841576;1718023841580;3;
"system";115;1718023841563;1718023841563;1718023841580;16;
"ImageDisparity";116;1718023841590;1718023841590;1718023841592;2;
"Depth";116;1718023841590;1718023841593;1718023841593;0;
"ImageDisparityDerivative";116;1718023841590;1718023841593;1718023841593;0;
"frame";116;1718023841590;1718023841590;1718023841593;3;
"system";116;1718023841577;1718023841577;1718023841593;16;
"ImageDisparity";117;1718023841603;1718023841603;1718023841606;2;
"ImageDisparityDerivative";117;1718023841603;1718023841606;1718023841607;0;
"Depth";117;1718023841604;1718023841606;1718023841607;0;
"frame";117;1718023841603;1718023841603;1718023841607;3;
"system";117;1718023841590;1718023841590;1718023841607;16;
"ImageDisparity";118;1718023841617;1718023841617;1718023841619;2;
"Depth";118;1718023841617;1718023841620;1718023841621;1;
"ImageDisparityDerivative";118;1718023841617;1718023841620;1718023841621;1;
"frame";118;1718023841617;1718023841617;1718023841621;4;
"system";118;1718023841604;1718023841604;1718023841621;17;
"ImageDisparity";119;1718023841631;1718023841631;1718023841633;2;
"ImageDisparityDerivative";119;1718023841631;1718023841633;1718023841634;0;
"Depth";119;1718023841631;1718023841634;1718023841634;0;
"frame";119;1718023841631;1718023841631;1718023841634;3;
"system";119;1718023841617;1718023841617;1718023841634;16;
"ImageDisparity";120;1718023841644;1718023841644;1718023841647;2;
"ImageDisparityDerivative";120;1718023841644;1718023841647;1718023841648;0;
"Depth";120;1718023841644;1718023841647;1718023841648;0;
"frame";120;1718023841644;1718023841644;1718023841648;3;
"system";120;1718023841631;1718023841631;1718023841648;17;
"ImageDisparity";121;1718023841658;1718023841658;1718023841661;2;
"Depth";121;1718023841658;1718023841661;1718023841662;0;
"ImageDisparityDerivative";121;1718023841658;1718023841661;1718023841662;0;
"frame";121;1718023841658;1718023841658;1718023841662;3;
"system";121;1718023841645;1718023841645;1718023841662;17;
"ImageDisparity";122;1718023841672;1718023841672;1718023841674;2;
"ImageDisparityDerivative";122;1718023841672;1718023841675;1718023841676;0;
"Depth";122;1718023841672;1718023841675;1718023841676;0;
"frame";122;1718023841672;1718023841672;1718023841676;3;
"system";122;1718023841658;1718023841658;1718023841676;17;
"ImageDisparity";123;1718023841686;1718023841686;1718023841688;2;
"Depth";123;1718023841686;1718023841689;1718023841689;0;
"ImageDisparityDerivative";123;1718023841686;1718023841689;1718023841689;0;
"frame";123;1718023841686;1718023841686;1718023841690;4;
"system";123;1718023841672;1718023841672;1718023841690;17;
"ImageDisparity";124;1718023841702;1718023841702;1718023841705;2;
"ImageDisparityDerivative";124;1718023841702;1718023841706;1718023841706;0;
"Depth";124;1718023841703;1718023841706;1718023841706;0;
"frame";124;1718023841702;1718023841702;1718023841707;4;
"system";124;1718023841686;1718023841686;1718023841707;20;
"ImageDisparity";125;1718023841720;1718023841720;1718023841723;2;
"ImageDisparityDerivative";125;1718023841720;1718023841723;1718023841724;0;
"Depth";125;1718023841721;1718023841723;1718023841724;0;
"frame";125;1718023841720;1718023841720;1718023841724;4;
"system";125;1718023841703;1718023841703;1718023841724;21;
"ImageDisparity";126;1718023841737;1718023841737;1718023841739;2;
"Depth";126;1718023841737;1718023841740;1718023841740;0;
"ImageDisparityDerivative";126;1718023841737;1718023841740;1718023841741;0;
"frame";126;1718023841737;1718023841737;1718023841741;3;
"system";126;1718023841721;1718023841721;1718023841741;19;
"ImageDisparity";127;1718023841751;1718023841751;1718023841753;2;
"ImageDisparityDerivative";127;1718023841751;1718023841754;1718023841754;0;
"Depth";127;1718023841751;1718023841754;1718023841754;0;
"frame";127;1718023841751;1718023841751;1718023841755;3;
"system";127;1718023841737;1718023841737;1718023841755;17;
"ImageDisparity";128;1718023841764;1718023841764;1718023841767;2;
"ImageDisparityDerivative";128;1718023841764;1718023841767;1718023841768;0;
"Depth";128;1718023841765;1718023841767;1718023841768;0;
"frame";128;1718023841764;1718023841764;1718023841768;3;
"system";128;1718023841751;1718023841751;1718023841768;17;
"ImageDisparity";129;1718023841778;1718023841778;1718023841781;2;
"ImageDisparityDerivative";129;1718023841778;1718023841781;1718023841782;0;
"Depth";129;1718023841778;1718023841781;1718023841782;0;
"frame";129;1718023841778;1718023841778;1718023841782;3;
"system";129;1718023841765;1718023841765;1718023841782;17;
"ImageDisparity";130;1718023841792;1718023841792;1718023841794;2;
"ImageDisparityDerivative";130;1718023841792;1718023841795;1718023841795;0;
"Depth";130;1718023841792;1718023841795;1718023841795;0;
"frame";130;1718023841792;1718023841792;1718023841795;3;
"system";130;1718023841778;1718023841778;1718023841795;17;
"ImageDisparity";131;1718023841806;1718023841806;1718023841808;2;
"ImageDisparityDerivative";131;1718023841806;1718023841809;1718023841810;0;
"Depth";131;1718023841806;1718023841809;1718023841810;0;
"frame";131;1718023841806;1718023841806;1718023841810;3;
"system";131;1718023841792;1718023841792;1718023841810;17;
"ImageDisparity";132;1718023841820;1718023841820;1718023841823;3;
"ImageDisparityDerivative";132;1718023841820;1718023841824;1718023841824;0;
"Depth";132;1718023841820;1718023841824;1718023841824;0;
"frame";132;1718023841820;1718023841820;1718023841824;4;
"system";132;1718023841806;1718023841806;1718023841824;18;
"ImageDisparity";133;1718023841833;1718023841834;1718023841836;2;
"ImageDisparityDerivative";133;1718023841834;1718023841836;1718023841837;0;
"Depth";133;1718023841834;1718023841836;1718023841837;0;
"frame";133;1718023841833;1718023841833;1718023841837;3;
"system";133;1718023841820;1718023841820;1718023841837;17;
"ImageDisparity";134;1718023841847;1718023841847;1718023841850;2;
"ImageDisparityDerivative";134;1718023841847;1718023841850;1718023841851;1;
"Depth";134;1718023841848;1718023841850;1718023841851;1;
"frame";134;1718023841847;1718023841847;1718023841851;4;
"system";134;1718023841834;1718023841834;1718023841851;17;
"ImageDisparity";135;1718023841861;1718023841861;1718023841864;2;
"ImageDisparityDerivative";135;1718023841861;1718023841864;1718023841865;0;
"Depth";135;1718023841861;1718023841864;1718023841865;0;
"frame";135;1718023841861;1718023841861;1718023841865;3;
"system";135;1718023841848;1718023841848;1718023841865;17;
"ImageDisparity";136;1718023841876;1718023841876;1718023841878;2;
"Depth";136;1718023841876;1718023841879;1718023841879;0;
"ImageDisparityDerivative";136;1718023841876;1718023841879;1718023841879;0;
"frame";136;1718023841876;1718023841876;1718023841880;3;
"system";136;1718023841862;1718023841862;1718023841880;17;
"ImageDisparity";137;1718023841889;1718023841889;1718023841892;2;
"ImageDisparityDerivative";137;1718023841889;1718023841892;1718023841893;0;
"Depth";137;1718023841890;1718023841892;1718023841893;0;
"frame";137;1718023841889;1718023841889;1718023841893;3;
"system";137;1718023841876;1718023841876;1718023841893;17;
"ImageDisparity";138;1718023841903;1718023841904;1718023841906;2;
"ImageDisparityDerivative";138;1718023841904;1718023841906;1718023841907;0;
"Depth";138;1718023841904;1718023841906;1718023841907;0;
"frame";138;1718023841903;1718023841903;1718023841907;3;
"system";138;1718023841890;1718023841890;1718023841907;17;
"ImageDisparity";139;1718023841917;1718023841918;1718023841920;2;
"Depth";139;1718023841918;1718023841921;1718023841921;0;
"ImageDisparityDerivative";139;1718023841918;1718023841921;1718023841921;0;
"frame";139;1718023841917;1718023841917;1718023841921;3;
"system";139;1718023841904;1718023841904;1718023841921;17;
"ImageDisparity";140;1718023841931;1718023841932;1718023841934;2;
"ImageDisparityDerivative";140;1718023841932;1718023841935;1718023841935;0;
"Depth";140;1718023841932;1718023841935;1718023841935;0;
"frame";140;1718023841931;1718023841931;1718023841935;3;
"system";140;1718023841918;1718023841918;1718023841935;17;
"ImageDisparity";141;1718023841945;1718023841945;1718023841948;2;
"Depth";141;1718023841945;1718023841948;1718023841949;0;
"ImageDisparityDerivative";141;1718023841945;1718023841948;1718023841949;0;
"frame";141;1718023841945;1718023841945;1718023841949;3;
"system";141;1718023841932;1718023841932;1718023841949;17;
"ImageDisparity";142;1718023841959;1718023841959;1718023841962;3;
"Depth";142;1718023841959;1718023841963;1718023841963;0;
"ImageDisparityDerivative";142;1718023841959;1718023841963;1718023841963;0;
"frame";142;1718023841959;1718023841959;1718023841964;4;
"system";142;1718023841946;1718023841946;1718023841964;17;
"ImageDisparity";143;1718023841973;1718023841973;1718023841975;2;
"ImageDisparityDerivative";143;1718023841973;1718023841976;1718023841976;0;
"Depth";143;1718023841973;1718023841976;1718023841976;0;
"frame";143;1718023841973;1718023841973;1718023841977;3;
"system";143;1718023841959;1718023841959;1718023841977;17;
"ImageDisparity";144;1718023841987;1718023841987;1718023841989;2;
"Depth";144;1718023841987;1718023841989;1718023841990;0;
"ImageDisparityDerivative";144;1718023841987;1718023841990;1718023841990;0;
"frame";144;1718023841987;1718023841987;1718023841991;4;
"system";144;1718023841973;1718023841973;1718023841991;17;
"ImageDisparity";145;1718023842001;1718023842001;1718023842003;2;
"Depth";145;1718023842001;1718023842004;1718023842004;0;
"ImageDisparityDerivative";145;1718023842001;1718023842004;1718023842004;0;
"frame";145;1718023842001;1718023842001;1718023842004;3;
"system";145;1718023841987;1718023841987;1718023842004;17;
"ImageDisparity";146;1718023842015;1718023842015;1718023842018;3;
"ImageDisparityDerivative";146;1718023842015;1718023842018;1718023842019;0;
"Depth";146;1718023842015;1718023842018;1718023842019;0;
"frame";146;1718023842015;1718023842015;1718023842019;4;
"system";146;1718023842001;1718023842001;1718023842019;17;
"ImageDisparity";147;1718023842029;1718023842029;1718023842031;2;
"Depth";147;1718023842029;1718023842032;1718023842033;0;
"ImageDisparityDerivative";147;1718023842029;1718023842032;1718023842033;0;
"frame";147;1718023842029;1718023842029;1718023842033;4;
"system";147;1718023842015;1718023842015;1718023842033;17;
"ImageDisparity";148;1718023842043;1718023842043;1718023842046;2;
"ImageDisparityDerivative";148;1718023842043;1718023842046;1718023842047;0;
"Depth";148;1718023842043;1718023842046;1718023842047;0;
"frame";148;1718023842043;1718023842043;1718023842047;4;
"system";148;1718023842029;1718023842029;1718023842047;17;
"ImageDisparity";149;1718023842057;1718023842057;1718023842060;2;
"ImageDisparityDerivative";149;1718023842057;1718023842060;1718023842061;0;
"Depth";149;1718023842057;1718023842060;1718023842061;0;
"frame";149;1718023842057;1718023842057;1718023842061;4;
"system";149;1718023842043;1718023842043;1718023842061;17;
"ImageDisparity";150;1718023842071;1718023842071;1718023842074;2;
"ImageDisparityDerivative";150;1718023842071;1718023842074;1718023842076;1;
"Depth";150;1718023842071;1718023842075;1718023842076;1;
"frame";150;1718023842071;1718023842071;1718023842076;4;
"system";150;1718023842057;1718023842057;1718023842076;18;
"ImageDisparity";151;1718023842085;1718023842085;1718023842088;2;
"ImageDisparityDerivative";151;1718023842085;1718023842088;1718023842089;0;
"Depth";151;1718023842085;1718023842088;1718023842089;0;
"frame";151;1718023842085;1718023842085;1718023842089;4;
"system";151;1718023842072;1718023842072;1718023842089;17;
"ImageDisparity";152;1718023842099;1718023842099;1718023842102;3;
"Depth";152;1718023842099;1718023842103;1718023842103;0;
"ImageDisparityDerivative";152;1718023842099;1718023842103;1718023842103;0;
"frame";152;1718023842099;1718023842099;1718023842103;4;
"system";152;1718023842085;1718023842085;1718023842103;18;
"ImageDisparity";153;1718023842113;1718023842113;1718023842116;2;
"ImageDisparityDerivative";153;1718023842113;1718023842116;1718023842117;0;
"Depth";153;1718023842113;1718023842116;1718023842117;0;
"frame";153;1718023842113;1718023842113;1718023842117;4;
"system";153;1718023842099;1718023842099;1718023842117;17;
"ImageDisparity";154;1718023842127;1718023842127;1718023842129;2;
"ImageDisparityDerivative";154;1718023842127;1718023842130;1718023842131;0;
"Depth";154;1718023842127;1718023842130;1718023842131;0;
"frame";154;1718023842127;1718023842127;1718023842131;4;
"system";154;1718023842113;1718023842113;1718023842131;17;
"ImageDisparity";155;1718023842140;1718023842140;1718023842144;3;
"ImageDisparityDerivative";155;1718023842140;1718023842144;1718023842144;0;
"Depth";155;1718023842140;1718023842144;1718023842145;0;
"frame";155;1718023842140;1718023842140;1718023842145;4;
"system";155;1718023842127;1718023842127;1718023842145;17;
"ImageDisparity";156;1718023842154;1718023842154;1718023842157;3;
"Depth";156;1718023842154;1718023842158;1718023842158;0;
"ImageDisparityDerivative";156;1718023842154;1718023842158;1718023842158;0;
"frame";156;1718023842154;1718023842154;1718023842159;4;
"system";156;1718023842141;1718023842141;1718023842159;17;
"ImageDisparity";157;1718023842168;1718023842168;1718023842171;2;
"Depth";157;1718023842168;1718023842171;1718023842172;0;
"ImageDisparityDerivative";157;1718023842168;1718023842171;1718023842172;0;
"frame";157;1718023842168;1718023842168;1718023842172;4;
"system";157;1718023842155;1718023842155;1718023842172;17;
"ImageDisparity";158;1718023842182;1718023842182;1718023842184;2;
"Depth";158;1718023842182;1718023842185;1718023842185;0;
"ImageDisparityDerivative";158;1718023842182;1718023842185;1718023842186;0;
"frame";158;1718023842182;1718023842182;1718023842186;4;
"system";158;1718023842168;1718023842168;1718023842186;17;
"ImageDisparity";159;1718023842195;1718023842195;1718023842199;3;
"ImageDisparityDerivative";159;1718023842196;1718023842199;1718023842200;0;
"Depth";159;1718023842196;1718023842199;1718023842200;0;
"frame";159;1718023842195;1718023842195;1718023842200;4;
"system";159;1718023842182;1718023842182;1718023842200;18;
"ImageDisparity";160;1718023842210;1718023842210;1718023842212;2;
"ImageDisparityDerivative";160;1718023842210;1718023842213;1718023842213;0;
"Depth";160;1718023842210;1718023842213;1718023842213;0;
"frame";160;1718023842210;1718023842210;1718023842214;4;
"system";160;1718023842196;1718023842196;1718023842214;17;
"ImageDisparity";161;1718023842223;1718023842223;1718023842226;2;
"Depth";161;1718023842223;1718023842226;1718023842227;0;
"ImageDisparityDerivative";161;1718023842223;1718023842226;1718023842227;0;
"frame";161;1718023842223;1718023842223;1718023842227;4;
"system";161;1718023842210;1718023842210;1718023842227;17;
"ImageDisparity";162;1718023842237;1718023842237;1718023842239;2;
"ImageDisparityDerivative";162;1718023842237;1718023842239;1718023842240;0;
"Depth";162;1718023842237;1718023842240;1718023842240;0;
"frame";162;1718023842236;1718023842237;1718023842240;3;
"system";162;1718023842224;1718023842224;1718023842240;16;
"ImageDisparity";163;1718023842250;1718023842250;1718023842253;2;
"Depth";163;1718023842250;1718023842253;1718023842254;0;
"ImageDisparityDerivative";163;1718023842250;1718023842253;1718023842254;0;
"frame";163;1718023842250;1718023842250;1718023842254;4;
"system";163;1718023842237;1718023842237;1718023842254;17;
"ImageDisparity";164;1718023842263;1718023842263;1718023842266;2;
"Depth";164;1718023842264;1718023842266;1718023842267;0;
"ImageDisparityDerivative";164;1718023842264;1718023842266;1718023842267;0;
"frame";164;1718023842263;1718023842263;1718023842267;3;
"system";164;1718023842250;1718023842250;1718023842267;16;
"ImageDisparity";165;1718023842277;1718023842277;1718023842279;2;
"ImageDisparityDerivative";165;1718023842277;1718023842280;1718023842281;0;
"Depth";165;1718023842277;1718023842280;1718023842281;0;
"frame";165;1718023842277;1718023842277;1718023842281;4;
"system";165;1718023842264;1718023842264;1718023842281;17;
"ImageDisparity";166;1718023842290;1718023842290;1718023842293;2;
"Depth";166;1718023842291;1718023842293;1718023842294;0;
"ImageDisparityDerivative";166;1718023842290;1718023842293;1718023842294;1;
"frame";166;1718023842290;1718023842290;1718023842294;4;
"system";166;1718023842277;1718023842277;1718023842294;17;
"ImageDisparity";167;1718023842304;1718023842304;1718023842306;2;
"ImageDisparityDerivative";167;1718023842304;1718023842307;1718023842307;0;
"Depth";167;1718023842304;1718023842307;1718023842307;0;
"frame";167;1718023842304;1718023842304;1718023842308;3;
"system";167;1718023842291;1718023842291;1718023842308;16;
"ImageDisparity";168;1718023842318;1718023842318;1718023842320;2;
"Depth";168;1718023842318;1718023842321;1718023842321;0;
"ImageDisparityDerivative";168;1718023842318;1718023842321;1718023842321;0;
"frame";168;1718023842318;1718023842318;1718023842322;3;
"system";168;1718023842304;1718023842304;1718023842322;17;
"ImageDisparity";169;1718023842331;1718023842332;1718023842334;2;
"ImageDisparityDerivative";169;1718023842332;1718023842334;1718023842335;0;
"Depth";169;1718023842332;1718023842334;1718023842335;0;
"frame";169;1718023842331;1718023842331;1718023842335;3;
"system";169;1718023842318;1718023842318;1718023842335;16;
"ImageDisparity";170;1718023842345;1718023842345;1718023842348;2;
"ImageDisparityDerivative";170;1718023842345;1718023842348;1718023842349;0;
"Depth";170;1718023842345;1718023842348;1718023842349;0;
"frame";170;1718023842345;1718023842345;1718023842349;3;
"system";170;1718023842332;1718023842332;1718023842349;17;
"ImageDisparity";171;1718023842359;1718023842359;1718023842362;2;
"ImageDisparityDerivative";171;1718023842359;1718023842362;1718023842363;0;
"Depth";171;1718023842359;1718023842362;1718023842363;0;
"frame";171;1718023842359;1718023842359;1718023842363;4;
"system";171;1718023842346;1718023842346;1718023842363;17;
"ImageDisparity";172;1718023842373;1718023842373;1718023842375;2;
"Depth";172;1718023842373;1718023842375;1718023842376;0;
"ImageDisparityDerivative";172;1718023842373;1718023842376;1718023842376;0;
"frame";172;1718023842373;1718023842373;1718023842376;3;
"system";172;1718023842359;1718023842359;1718023842376;17;
"ImageDisparity";173;1718023842386;1718023842386;1718023842389;2;
"Depth";173;1718023842386;1718023842389;1718023842390;0;
"ImageDisparityDerivative";173;1718023842386;1718023842389;1718023842390;0;
"frame";173;1718023842386;1718023842386;1718023842390;4;
"system";173;1718023842373;1718023842373;1718023842390;17;
"ImageDisparity";174;1718023842400;1718023842400;1718023842402;2;
"ImageDisparityDerivative";174;1718023842400;1718023842403;1718023842403;0;
"Depth";174;1718023842400;1718023842403;1718023842403;0;
"frame";174;1718023842400;1718023842400;1718023842403;3;
"system";174;1718023842387;1718023842387;1718023842403;16;
"ImageDisparity";175;1718023842413;1718023842413;1718023842416;2;
"Depth";175;1718023842413;1718023842416;1718023842417;0;
"ImageDisparityDerivative";175;1718023842413;1718023842416;1718023842417;0;
"frame";175;1718023842413;1718023842413;1718023842417;4;
"system";175;1718023842400;1718023842400;1718023842417;17;
"ImageDisparity";176;1718023842427;1718023842427;1718023842429;2;
"ImageDisparityDerivative";176;1718023842427;1718023842430;1718023842431;0;
"Depth";176;1718023842427;1718023842430;1718023842431;0;
"frame";176;1718023842427;1718023842427;1718023842431;4;
"system";176;1718023842414;1718023842414;1718023842431;17;
"ImageDisparity";177;1718023842440;1718023842440;1718023842443;2;
"ImageDisparityDerivative";177;1718023842440;1718023842443;1718023842444;0;
"Depth";177;1718023842440;1718023842443;1718023842444;0;
"frame";177;1718023842440;1718023842440;1718023842444;4;
"system";177;1718023842427;1718023842427;1718023842444;17;
"ImageDisparity";178;1718023842454;1718023842454;1718023842456;2;
"Depth";178;1718023842454;1718023842457;1718023842458;0;
"ImageDisparityDerivative";178;1718023842454;1718023842457;1718023842458;0;
"frame";178;1718023842454;1718023842454;1718023842458;4;
"system";178;1718023842441;1718023842441;1718023842458;17;
"ImageDisparity";179;1718023842467;1718023842467;1718023842470;2;
"ImageDisparityDerivative";179;1718023842467;1718023842470;1718023842471;0;
"Depth";179;1718023842468;1718023842470;1718023842471;0;
"frame";179;1718023842467;1718023842467;1718023842471;3;
"system";179;1718023842454;1718023842454;1718023842471;16;
"ImageDisparity";180;1718023842481;1718023842481;1718023842484;2;
"Depth";180;1718023842481;1718023842484;1718023842485;0;
"ImageDisparityDerivative";180;1718023842481;1718023842484;1718023842485;0;
"frame";180;1718023842481;1718023842481;1718023842485;4;
"system";180;1718023842468;1718023842468;1718023842485;17;
"ImageDisparity";181;1718023842494;1718023842495;1718023842497;2;
"Depth";181;1718023842495;1718023842498;1718023842499;0;
"ImageDisparityDerivative";181;1718023842495;1718023842498;1718023842499;0;
"frame";181;1718023842494;1718023842494;1718023842499;4;
"system";181;1718023842481;1718023842481;1718023842499;17;
"ImageDisparity";182;1718023842508;1718023842508;1718023842511;2;
"ImageDisparityDerivative";182;1718023842508;1718023842511;1718023842512;0;
"Depth";182;1718023842508;1718023842511;1718023842512;0;
"frame";182;1718023842508;1718023842508;1718023842512;4;
"system";182;1718023842495;1718023842495;1718023842512;17;
"ImageDisparity";183;1718023842522;1718023842522;1718023842524;2;
"ImageDisparityDerivative";183;1718023842522;1718023842525;1718023842525;0;
"Depth";183;1718023842522;1718023842525;1718023842525;0;
"frame";183;1718023842522;1718023842522;1718023842525;3;
"system";183;1718023842508;1718023842508;1718023842525;17;
"ImageDisparity";184;1718023842535;1718023842535;1718023842538;2;
"ImageDisparityDerivative";184;1718023842535;1718023842538;1718023842539;0;
"Depth";184;1718023842535;1718023842538;1718023842539;0;
"frame";184;1718023842535;1718023842535;1718023842539;3;
"system";184;1718023842522;1718023842522;1718023842539;17;
"ImageDisparity";185;1718023842549;1718023842549;1718023842551;2;
"Depth";185;1718023842549;1718023842552;1718023842552;0;
"ImageDisparityDerivative";185;1718023842549;1718023842552;1718023842553;0;
"frame";185;1718023842549;1718023842549;1718023842553;3;
"system";185;1718023842536;1718023842536;1718023842553;16;
"ImageDisparity";186;1718023842562;1718023842563;1718023842565;2;
"ImageDisparityDerivative";186;1718023842563;1718023842565;1718023842566;0;
"Depth";186;1718023842563;1718023842565;1718023842566;0;
"frame";186;1718023842562;1718023842562;1718023842566;3;
"system";186;1718023842549;1718023842549;1718023842566;17;
"ImageDisparity";187;1718023842576;1718023842576;1718023842579;2;
"ImageDisparityDerivative";187;1718023842576;1718023842579;1718023842580;0;
"Depth";187;1718023842576;1718023842579;1718023842580;0;
"frame";187;1718023842576;1718023842576;1718023842580;3;
"system";187;1718023842563;1718023842563;1718023842580;17;
"ImageDisparity";188;1718023842590;1718023842590;1718023842592;2;
"ImageDisparityDerivative";188;1718023842590;1718023842593;1718023842593;0;
"Depth";188;1718023842590;1718023842593;1718023842593;0;
"frame";188;1718023842590;1718023842590;1718023842594;3;
"system";188;1718023842577;1718023842577;1718023842594;17;
"ImageDisparity";189;1718023842603;1718023842604;1718023842606;2;
"ImageDisparityDerivative";189;1718023842604;1718023842606;1718023842607;0;
"Depth";189;1718023842604;1718023842606;1718023842607;0;
"frame";189;1718023842603;1718023842603;1718023842607;3;
"system";189;1718023842590;1718023842590;1718023842607;16;
"ImageDisparity";190;1718023842617;1718023842617;1718023842620;2;
"ImageDisparityDerivative";190;1718023842617;1718023842620;1718023842621;0;
"Depth";190;1718023842617;1718023842620;1718023842621;0;
"frame";190;1718023842617;1718023842617;1718023842621;4;
"system";190;1718023842604;1718023842604;1718023842621;17;
"ImageDisparity";191;1718023842631;1718023842631;1718023842633;2;
"ImageDisparityDerivative";191;1718023842631;1718023842634;1718023842635;1;
"Depth";191;1718023842631;1718023842634;1718023842635;1;
"frame";191;1718023842631;1718023842631;1718023842635;4;
"system";191;1718023842618;1718023842618;1718023842635;17;
"ImageDisparity";192;1718023842645;1718023842645;1718023842647;2;
"ImageDisparityDerivative";192;1718023842645;1718023842647;1718023842648;0;
"Depth";192;1718023842645;1718023842648;1718023842648;0;
"frame";192;1718023842645;1718023842645;1718023842648;3;
"system";192;1718023842631;1718023842631;1718023842648;17;
"ImageDisparity";193;1718023842658;1718023842658;1718023842661;2;
"ImageDisparityDerivative";193;1718023842658;1718023842661;1718023842662;0;
"Depth";193;1718023842658;1718023842661;1718023842662;0;
"frame";193;1718023842658;1718023842658;1718023842662;3;
"system";193;1718023842645;1718023842645;1718023842662;16;
"ImageDisparity";194;1718023842672;1718023842672;1718023842674;2;
"ImageDisparityDerivative";194;1718023842672;1718023842675;1718023842675;0;
"Depth";194;1718023842672;1718023842675;1718023842675;0;
"frame";194;1718023842672;1718023842672;1718023842676;3;
"system";194;1718023842659;1718023842659;1718023842676;17;
"ImageDisparity";195;1718023842685;1718023842685;1718023842688;2;
"Depth";195;1718023842685;1718023842688;1718023842689;0;
"ImageDisparityDerivative";195;1718023842685;1718023842688;1718023842689;0;
"frame";195;1718023842685;1718023842685;1718023842689;3;
"system";195;1718023842672;1718023842672;1718023842689;16;
"ImageDisparity";196;1718023842699;1718023842699;1718023842701;2;
"ImageDisparityDerivative";196;1718023842699;1718023842702;1718023842702;0;
"Depth";196;1718023842699;1718023842702;1718023842702;0;
"frame";196;1718023842699;1718023842699;1718023842702;3;
"system";196;1718023842686;1718023842686;1718023842702;16;
"ImageDisparity";197;1718023842712;1718023842712;1718023842715;2;
"ImageDisparityDerivative";197;1718023842712;1718023842716;1718023842716;0;
"Depth";197;1718023842713;1718023842716;1718023842716;0;
"frame";197;1718023842712;1718023842712;1718023842716;3;
"system";197;1718023842699;1718023842699;1718023842716;17;
"ImageDisparity";198;1718023842726;1718023842726;1718023842728;2;
"ImageDisparityDerivative";198;1718023842726;1718023842729;1718023842729;0;
"Depth";198;1718023842726;1718023842729;1718023842730;0;
"frame";198;1718023842726;1718023842726;1718023842730;3;
"system";198;1718023842713;1718023842713;1718023842730;16;
"ImageDisparity";199;1718023842739;1718023842740;1718023842742;2;
"ImageDisparityDerivative";199;1718023842740;1718023842743;1718023842743;0;
"Depth";199;1718023842740;1718023842743;1718023842743;0;
"frame";199;1718023842739;1718023842739;1718023842743;3;
"system";199;1718023842726;1718023842726;1718023842743;17;
"ImageDisparity";200;1718023842753;1718023842753;1718023842756;2;
"Depth";200;1718023842753;1718023842756;1718023842757;0;
"ImageDisparityDerivative";200;1718023842753;1718023842756;1718023842757;0;
"frame";200;1718023842753;1718023842753;1718023842757;3;
"system";200;1718023842740;1718023842740;1718023842757;16;
"ImageDisparity";201;1718023842767;1718023842767;1718023842769;2;
"ImageDisparityDerivative";201;1718023842767;1718023842770;1718023842770;0;
"Depth";201;1718023842767;1718023842770;1718023842770;0;
"frame";201;1718023842767;1718023842767;1718023842771;3;
"system";201;1718023842754;1718023842754;1718023842771;17;
"ImageDisparity";202;1718023842780;1718023842780;1718023842783;2;
"ImageDisparityDerivative";202;1718023842780;1718023842783;1718023842784;0;
"Depth";202;1718023842780;1718023842783;1718023842784;0;
"frame";202;1718023842780;1718023842780;1718023842784;3;
"system";202;1718023842767;1718023842767;1718023842784;16;
"ImageDisparity";203;1718023842793;1718023842794;1718023842796;2;
"Depth";203;1718023842794;1718023842797;1718023842798;0;
"ImageDisparityDerivative";203;1718023842794;1718023842797;1718023842798;0;
"frame";203;1718023842793;1718023842793;1718023842798;4;
"system";203;1718023842781;1718023842781;1718023842798;17;
"ImageDisparity";204;1718023842807;1718023842807;1718023842810;2;
"ImageDisparityDerivative";204;1718023842807;1718023842810;1718023842811;0;
"Depth";204;1718023842807;1718023842810;1718023842811;0;
"frame";204;1718023842807;1718023842807;1718023842811;4;
"system";204;1718023842794;1718023842794;1718023842811;16;
"ImageDisparity";205;1718023842820;1718023842820;1718023842823;2;
"ImageDisparityDerivative";205;1718023842820;1718023842823;1718023842824;0;
"Depth";205;1718023842820;1718023842823;1718023842824;0;
"frame";205;1718023842820;1718023842820;1718023842824;4;
"system";205;1718023842807;1718023842807;1718023842824;16;
"ImageDisparity";206;1718023842833;1718023842833;1718023842836;2;
"ImageDisparityDerivative";206;1718023842833;1718023842836;1718023842837;0;
"Depth";206;1718023842833;1718023842836;1718023842837;0;
"frame";206;1718023842833;1718023842833;1718023842837;3;
"system";206;1718023842820;1718023842820;1718023842837;16;
"ImageDisparity";207;1718023842846;1718023842846;1718023842849;2;
"Depth";207;1718023842847;1718023842849;1718023842850;0;
"ImageDisparityDerivative";207;1718023842846;1718023842849;1718023842850;0;
"frame";207;1718023842846;1718023842846;1718023842850;3;
"system";207;1718023842834;1718023842834;1718023842850;16;
"ImageDisparity";208;1718023842859;1718023842860;1718023842862;2;
"ImageDisparityDerivative";208;1718023842860;1718023842862;1718023842863;0;
"Depth";208;1718023842860;1718023842862;1718023842863;0;
"frame";208;1718023842859;1718023842859;1718023842863;3;
"system";208;1718023842847;1718023842847;1718023842863;16;
"ImageDisparity";209;1718023842872;1718023842873;1718023842875;2;
"ImageDisparityDerivative";209;1718023842873;1718023842875;1718023842876;0;
"Depth";209;1718023842873;1718023842875;1718023842876;0;
"frame";209;1718023842872;1718023842872;1718023842876;3;
"system";209;1718023842860;1718023842860;1718023842876;16;
"ImageDisparity";210;1718023842886;1718023842886;1718023842888;2;
"ImageDisparityDerivative";210;1718023842886;1718023842889;1718023842889;0;
"Depth";210;1718023842886;1718023842889;1718023842889;0;
"frame";210;1718023842886;1718023842886;1718023842889;3;
"system";210;1718023842873;1718023842873;1718023842889;16;
"ImageDisparity";211;1718023842899;1718023842899;1718023842901;2;
"ImageDisparityDerivative";211;1718023842899;1718023842902;1718023842903;0;
"Depth";211;1718023842899;1718023842902;1718023842903;0;
"frame";211;1718023842899;1718023842899;1718023842903;4;
"system";211;1718023842886;1718023842886;1718023842903;16;
"ImageDisparity";212;1718023842911;1718023842912;1718023842914;2;
"ImageDisparityDerivative";212;1718023842912;1718023842915;1718023842915;0;
"Depth";212;1718023842912;1718023842915;1718023842915;0;
"frame";212;1718023842911;1718023842911;1718023842916;4;
"system";212;1718023842899;1718023842899;1718023842916;16;
"ImageDisparity";213;1718023842924;1718023842925;1718023842927;2;
"Depth";213;1718023842925;1718023842927;1718023842928;0;
"ImageDisparityDerivative";213;1718023842925;1718023842927;1718023842928;0;
"frame";213;1718023842924;1718023842924;1718023842928;3;
"system";213;1718023842912;1718023842912;1718023842928;16;
"ImageDisparity";214;1718023842937;1718023842937;1718023842940;2;
"ImageDisparityDerivative";214;1718023842937;1718023842940;1718023842941;0;
"Depth";214;1718023842937;1718023842940;1718023842941;0;
"frame";214;1718023842937;1718023842937;1718023842941;3;
"system";214;1718023842925;1718023842925;1718023842941;16;
"ImageDisparity";215;1718023842950;1718023842950;1718023842952;2;
"Depth";215;1718023842950;1718023842953;1718023842954;0;
"ImageDisparityDerivative";215;1718023842950;1718023842953;1718023842954;0;
"frame";215;1718023842950;1718023842950;1718023842954;3;
"system";215;1718023842938;1718023842938;1718023842954;16;
"ImageDisparity";216;1718023842963;1718023842963;1718023842965;2;
"ImageDisparityDerivative";216;1718023842963;1718023842966;1718023842966;0;
"Depth";216;1718023842963;1718023842966;1718023842966;0;
"frame";216;1718023842963;1718023842963;1718023842967;3;
"system";216;1718023842950;1718023842950;1718023842967;16;
"ImageDisparity";217;1718023842976;1718023842976;1718023842978;2;
"Depth";217;1718023842976;1718023842979;1718023842979;0;
"ImageDisparityDerivative";217;1718023842976;1718023842979;1718023842979;0;
"frame";217;1718023842976;1718023842976;1718023842980;3;
"system";217;1718023842963;1718023842963;1718023842980;16;
"ImageDisparity";218;1718023842989;1718023842989;1718023842991;2;
"ImageDisparityDerivative";218;1718023842989;1718023842992;1718023842992;0;
"Depth";218;1718023842989;1718023842992;1718023842992;0;
"frame";218;1718023842989;1718023842989;1718023842993;3;
"system";218;1718023842976;1718023842976;1718023842993;16;
"ImageDisparity";219;1718023843001;1718023843002;1718023843004;2;
"ImageDisparityDerivative";219;1718023843002;1718023843005;1718023843006;0;
"Depth";219;1718023843002;1718023843005;1718023843006;0;
"frame";219;1718023843001;1718023843001;1718023843006;4;
"system";219;1718023842989;1718023842989;1718023843006;16;
"ImageDisparity";220;1718023843014;1718023843014;1718023843017;2;
"ImageDisparityDerivative";220;1718023843014;1718023843018;1718023843018;0;
"Depth";220;1718023843015;1718023843018;1718023843018;0;
"frame";220;1718023843014;1718023843014;1718023843019;4;
"system";220;1718023843002;1718023843002;1718023843019;16;
"ImageDisparity";221;1718023843027;1718023843027;1718023843030;2;
"ImageDisparityDerivative";221;1718023843027;1718023843030;1718023843031;0;
"Depth";221;1718023843027;1718023843030;1718023843031;0;
"frame";221;1718023843027;1718023843027;1718023843031;3;
"system";221;1718023843015;1718023843015;1718023843031;16;
"ImageDisparity";222;1718023843040;1718023843040;1718023843042;2;
"ImageDisparityDerivative";222;1718023843040;1718023843043;1718023843044;0;
"Depth";222;1718023843040;1718023843043;1718023843044;0;
"frame";222;1718023843040;1718023843040;1718023843044;3;
"system";222;1718023843028;1718023843028;1718023843044;16;
"ImageDisparity";223;1718023843053;1718023843053;1718023843055;2;
"Depth";223;1718023843053;1718023843056;1718023843057;0;
"ImageDisparityDerivative";223;1718023843053;1718023843056;1718023843057;0;
"frame";223;1718023843053;1718023843053;1718023843057;3;
"system";223;1718023843040;1718023843040;1718023843057;16;
"ImageDisparity";224;1718023843066;1718023843066;1718023843068;2;
"ImageDisparityDerivative";224;1718023843066;1718023843069;1718023843069;0;
"Depth";224;1718023843066;1718023843069;1718023843069;0;
"frame";224;1718023843066;1718023843066;1718023843070;3;
"system";224;1718023843053;1718023843053;1718023843070;16;
"ImageDisparity";225;1718023843079;1718023843079;1718023843081;2;
"ImageDisparityDerivative";225;1718023843079;1718023843082;1718023843082;0;
"Depth";225;1718023843079;1718023843082;1718023843082;0;
"frame";225;1718023843079;1718023843079;1718023843083;4;
"system";225;1718023843066;1718023843066;1718023843083;16;
"ImageDisparity";226;1718023843091;1718023843092;1718023843094;2;
"ImageDisparityDerivative";226;1718023843092;1718023843095;1718023843095;0;
"Depth";226;1718023843092;1718023843095;1718023843095;0;
"frame";226;1718023843091;1718023843091;1718023843096;4;
"system";226;1718023843079;1718023843079;1718023843096;16;
"ImageDisparity";227;1718023843104;1718023843104;1718023843107;2;
"ImageDisparityDerivative";227;1718023843104;1718023843107;1718023843108;0;
"Depth";227;1718023843105;1718023843107;1718023843108;0;
"frame";227;1718023843104;1718023843104;1718023843108;3;
"system";227;1718023843092;1718023843092;1718023843108;16;
"ImageDisparity";228;1718023843117;1718023843118;1718023843120;2;
"ImageDisparityDerivative";228;1718023843118;1718023843121;1718023843121;0;
"Depth";228;1718023843118;1718023843121;1718023843121;0;
"frame";228;1718023843117;1718023843117;1718023843121;4;
"system";228;1718023843105;1718023843105;1718023843121;16;
"ImageDisparity";229;1718023843130;1718023843130;1718023843133;2;
"Depth";229;1718023843130;1718023843133;1718023843134;0;
"ImageDisparityDerivative";229;1718023843130;1718023843133;1718023843134;0;
"frame";229;1718023843130;1718023843130;1718023843134;3;
"system";229;1718023843118;1718023843118;1718023843134;16;
"ImageDisparity";230;1718023843143;1718023843143;1718023843146;2;
"ImageDisparityDerivative";230;1718023843143;1718023843146;1718023843147;0;
"Depth";230;1718023843143;1718023843146;1718023843147;0;
"frame";230;1718023843143;1718023843143;1718023843147;3;
"system";230;1718023843131;1718023843131;1718023843147;16;
"ImageDisparity";231;1718023843156;1718023843156;1718023843159;2;
"ImageDisparityDerivative";231;1718023843156;1718023843159;1718023843160;0;
"Depth";231;1718023843156;1718023843159;1718023843160;0;
"frame";231;1718023843156;1718023843156;1718023843160;3;
"system";231;1718023843144;1718023843144;1718023843160;16;
"ImageDisparity";232;1718023843169;1718023843169;1718023843172;2;
"ImageDisparityDerivative";232;1718023843169;1718023843172;1718023843173;0;
"Depth";232;1718023843169;1718023843172;1718023843173;0;
"frame";232;1718023843169;1718023843169;1718023843173;4;
"system";232;1718023843157;1718023843157;1718023843173;16;
"ImageDisparity";233;1718023843182;1718023843182;1718023843185;2;
"ImageDisparityDerivative";233;1718023843182;1718023843186;1718023843186;0;
"Depth";233;1718023843182;1718023843186;1718023843186;0;
"frame";233;1718023843182;1718023843182;1718023843186;4;
"system";233;1718023843170;1718023843170;1718023843186;16;
"ImageDisparity";234;1718023843195;1718023843195;1718023843198;2;
"Depth";234;1718023843195;1718023843198;1718023843199;0;
"ImageDisparityDerivative";234;1718023843195;1718023843198;1718023843199;0;
"frame";234;1718023843195;1718023843195;1718023843199;3;
"system";234;1718023843183;1718023843183;1718023843199;16;
"ImageDisparity";235;1718023843208;1718023843208;1718023843211;2;
"Depth";235;1718023843209;1718023843211;1718023843212;0;
"ImageDisparityDerivative";235;1718023843208;1718023843211;1718023843212;0;
"frame";235;1718023843208;1718023843208;1718023843212;3;
"system";235;1718023843196;1718023843196;1718023843212;16;
"ImageDisparity";236;1718023843221;1718023843221;1718023843224;2;
"ImageDisparityDerivative";236;1718023843221;1718023843224;1718023843225;0;
"Depth";236;1718023843222;1718023843224;1718023843225;0;
"frame";236;1718023843221;1718023843221;1718023843225;3;
"system";236;1718023843209;1718023843209;1718023843225;16;
"ImageDisparity";237;1718023843234;1718023843234;1718023843237;2;
"ImageDisparityDerivative";237;1718023843235;1718023843237;1718023843238;0;
"Depth";237;1718023843235;1718023843237;1718023843238;0;
"frame";237;1718023843234;1718023843234;1718023843238;3;
"system";237;1718023843222;1718023843222;1718023843238;16;
"ImageDisparity";238;1718023843248;1718023843248;1718023843250;2;
"ImageDisparityDerivative";238;1718023843248;1718023843250;1718023843251;0;
"Depth";238;1718023843248;1718023843250;1718023843251;0;
"frame";238;1718023843247;1718023843247;1718023843251;3;
"system";238;1718023843235;1718023843235;1718023843251;16;
"ImageDisparity";239;1718023843260;1718023843261;1718023843263;2;
"ImageDisparityDerivative";239;1718023843261;1718023843263;1718023843264;0;
"Depth";239;1718023843261;1718023843263;1718023843264;0;
"frame";239;1718023843260;1718023843260;1718023843264;3;
"system";239;1718023843248;1718023843248;1718023843264;16;
"ImageDisparity";240;1718023843274;1718023843274;1718023843277;2;
"ImageDisparityDerivative";240;1718023843274;1718023843277;1718023843278;0;
"Depth";240;1718023843274;1718023843277;1718023843278;0;
"frame";240;1718023843274;1718023843274;1718023843278;4;
"system";240;1718023843261;1718023843261;1718023843278;17;
"ImageDisparity";241;1718023843287;1718023843287;1718023843290;2;
"Depth";241;1718023843287;1718023843290;1718023843291;0;
"ImageDisparityDerivative";241;1718023843287;1718023843290;1718023843291;0;
"frame";241;1718023843287;1718023843287;1718023843291;4;
"system";241;1718023843274;1718023843274;1718023843291;16;
"ImageDisparity";242;1718023843299;1718023843299;1718023843302;2;
"ImageDisparityDerivative";242;1718023843300;1718023843302;1718023843303;0;
"Depth";242;1718023843300;1718023843302;1718023843303;0;
"frame";242;1718023843299;1718023843299;1718023843303;3;
"system";242;1718023843287;1718023843287;1718023843303;16;
